(home),1990,1991,1992,1993,1994,1995,1996,1997,1998,1999,2000,2001,2002,2003,2004,2005,2006,2007,2008,2009,2010,2011
Regions/Subregions/countries,(percent of population with access),,,,,,,,,,,,,,,,,,,,,
,,,,,,,,,,,,,,,,,,,,,,
World,76, 77, 78, 78, 79, 79, 80, 81, 81, 82, 83, 83, 84, 85, 85, 86, 86, 87, 87, 88, 88,
Developing countries,70, 71, 72, 73, 74, 74, 75, 76, 77, 78, 79, 80, 80, 81, 82, 83, 84, 84, 85, 86, 86,
Africa,56, 56, 57, 57, 58, 58, 59, 59, 60, 60, 61, 61, 62, 62, 63, 64, 64, 65, 65, 66, 66,
North Africa,87, 87, 88, 88, 88, 88, 88, 88, 89, 89, 89, 89, 91, 91, 91, 91, 91, 91, 92, 92, 92,
Algeria,94, 94, 94, 95, 94, 93, 92, 91, 91, 90, 89, 88, 88, 87, 86, 85, 85, 84, 83, 83, 83,
Egypt,93, 94, 94, 94, 94, 94, 95, 95, 96, 96, 96, 96, 97, 97, 97, 98, 98, 98, 99, 99, 99,
Libya,54, 54, 54, 54, 54, 54, 54, 54, 54, 54, 54, 54,,,,,,,,,,
Morocco,73, 73, 74, 75, 75, 76, 76, 77, 77, 78, 78, 78, 79, 80, 80, 80, 81, 81, 82, 82, 83,
Tunisia,81, 82, 83, 84, 85, 86, 86, 88, 88, 89, 90, 91, 92, 92, 93, 94, 94, 94, 94, 94,,
Western Sahara,,,,,,,,,,,,,,,,,,,,,,
Sub Saharan Africa,49, 49, 50, 50, 51, 51, 52, 53, 53, 54, 55, 56, 56, 57, 58, 58, 59, 60, 60, 61, 61,
Angola,42, 42, 42, 42, 43, 43, 44, 44, 45, 45, 46, 46, 47, 47, 47, 48, 49, 50, 50, 51, 51,
Benin,57, 58, 59, 60, 61, 62, 63, 63, 65, 66, 66, 67, 68, 68, 69, 70, 71, 72, 73, 74, 75,
Botswana,93, 93, 94, 94, 94, 94, 94, 94, 95, 95, 95, 95, 95, 95, 96, 96, 96, 96, 96, 96, 96,
Burkina Faso,43, 43, 45, 47, 49, 51, 52, 54, 56, 58, 60, 62, 64, 66, 68, 70, 71, 73, 75, 77, 79,
Burundi,70, 70, 70, 70, 71, 71, 71, 71, 71, 72, 72, 72, 71, 72, 72, 72, 72, 72, 72, 72, 72,
Cameroon,49, 51, 52, 54, 56, 57, 58, 60, 61, 63, 64, 65, 67, 68, 70, 71, 73, 74, 75, 77, 77,
Cape Verde,,, 80, 80, 80, 80, 80, 82, 82, 82, 83, 83, 84, 84, 85, 85, 86, 86, 87, 87, 88,
Central African Republic,58, 58, 58, 59, 60, 60, 60, 61, 62, 62, 63, 63, 64, 64, 65, 65, 66, 66, 67, 67, 67,
Chad,39, 41, 41, 41, 42, 42, 43, 44, 44, 44, 45, 46, 46, 47, 47, 48, 49, 49, 50, 51, 51,
Comoros,87, 88, 88, 88, 89, 90, 90, 91, 91, 92, 92, 92, 93, 93, 94, 95, 95, 95, 95, 95, 95,
Congo,,,,,,,, 70, 70, 70, 70, 71, 71, 71, 71, 71, 71, 71, 71, 71, 71,
Cote d'Ivoire,76, 76, 76, 76, 77, 77, 77, 77, 77, 77, 77, 78, 78, 78, 79, 79, 79, 79, 79, 79, 80,
Democratic Republic of the Congo,45, 45, 45, 45, 45, 44, 44, 44, 44, 44, 44, 44, 44, 44, 44, 44, 45, 45, 45, 45, 45,
Djibouti,78, 78, 78, 78, 78, 79, 79, 80, 81, 82, 82, 83, 84, 84, 85, 86, 87, 88, 88, 88, 88,
Equatorial Guinea,,,,, 51, 51, 51, 51, 51, 51, 51, 51, 51, 51, 51, 51, 51,,,,,
Eritrea,43, 43, 43, 43, 45, 46, 47, 49, 50, 52, 54, 55, 57, 58, 60, 60, 60, 60, 61,,,
Ethiopia,14, 15, 15, 17, 19, 20, 22, 24, 25, 27, 29, 30, 32, 34, 35, 37, 39, 41, 42, 44, 44,
Gabon,,,,, 83, 84, 84, 85, 85, 85, 85, 86, 86, 86, 86, 86, 87, 87, 87, 87, 87,
Gambia,74, 76, 76, 77, 78, 79, 80, 81, 82, 82, 83, 84, 85, 86, 86, 87, 88, 88, 89, 89, 89,
Ghana,53, 55, 57, 59, 61, 62, 64, 66, 67, 69, 71, 73, 74, 75, 77, 79, 80, 81, 82, 84, 86,
Guinea,51, 53, 53, 55, 56, 58, 59, 60, 61, 62, 63, 64, 66, 67, 68, 69, 70, 71, 72, 74, 74,
Guinea-Bissau,36, 37, 38, 40, 41, 43, 45, 46, 48, 49, 50, 52, 53, 55, 56, 57, 59, 60, 62, 63, 64,
Kenya,44, 45, 45, 46, 47, 48, 49, 49, 50, 51, 52, 52, 53, 53, 54, 55, 56, 56, 57, 58, 59,
Lesotho,80, 80, 81, 81, 81, 80, 80, 80, 80, 79, 80, 80, 79, 79, 79, 78, 78, 78, 79, 78, 78,
Liberia,,,,, 58, 58, 58, 58, 59, 59, 61, 62, 63, 64, 65, 67, 68, 70, 71, 72, 73,
Madagascar,29, 29, 30, 32, 33, 33, 34, 35, 36, 37, 38, 39, 40, 40, 41, 42, 43, 44, 45, 46, 46,
Malawi,41, 43, 46, 48, 50, 52, 54, 57, 59, 61, 62, 64, 67, 69, 71, 73, 75, 77, 79, 80, 83,
Mali,28, 30, 32, 33, 35, 37, 39, 40, 42, 44, 46, 47, 49, 51, 53, 55, 57, 59, 60, 63, 64,
Mauritania,30, 31, 32, 34, 35, 36, 36, 37, 38, 39, 40, 42, 42, 43, 44, 45, 46, 47, 49, 50, 50,
Mauritius,99, 99, 99, 99, 99, 99, 99, 99, 99, 99, 99, 99, 99, 99, 99, 99, 99, 99, 99, 99, 99,
Mayotte,,,,,,,,,,,,,,,,,,,,,,
Mozambique,36, 36, 37, 37, 38, 38, 39, 40, 41, 41, 42, 42, 43, 44, 44, 45, 45, 46, 47, 47, 47,
Namibia,64, 66, 68, 69, 71, 73, 75, 76, 78, 79, 81, 82, 84, 85, 87, 88, 89, 91, 92, 93, 93,
Niger,35, 35, 36, 37, 37, 39, 39, 40, 40, 42, 42, 43, 44, 44, 45, 46, 47, 47, 49, 49, 49,
Nigeria,47, 48, 49, 50, 50, 50, 51, 52, 52, 53, 53, 54, 55, 55, 56, 57, 56, 57, 58, 58, 58,
Reunion,,,,,,,,,,,,,,,,,,,,,,
Rwanda,66, 66, 66, 66, 66, 66, 66, 66, 66, 66, 66, 66, 67, 66, 66, 66, 66, 66, 66, 66, 65,
Saint Helena,,,,,,,,,,,,,,,,,,,,,,
Sao Tome and Principe,,,,, 75, 75, 75, 75, 75, 77, 79, 80, 81, 82, 84, 85, 86, 87, 89, 89, 89,
Senegal,61, 61, 62, 62, 62, 63, 64, 64, 65, 65, 66, 67, 67, 67, 68, 68, 69, 70, 70, 71, 72,
Seychelles,,,,,,,,,,,,,,,,,,,,,,
Sierra Leone,38, 40, 40, 41, 42, 42, 43, 44, 45, 45, 46, 47, 48, 49, 50, 51, 51, 52, 53, 54, 55,
Somalia,,,, 19, 19, 19, 19, 19, 20, 21, 22, 22, 24, 24, 25, 26, 27, 28, 28, 29, 29,
South Africa,83, 83, 83, 83, 83, 84, 85, 85, 85, 86, 86, 87, 87, 88, 89, 89, 90, 90, 91, 91, 91,
South Sudan,,,,,,,,,,,,,,,,,,,,,,
Sudan,,,,,,,,,,,,,,,,,,,,,,
Sudan (former),65, 64, 64, 64, 63, 63, 63, 63, 62, 62, 62, 61, 61, 61, 60, 60, 59, 59, 59, 58, 58,
Swaziland,39, 39, 39, 39, 41, 43, 45, 46, 49, 50, 52, 54, 56, 57, 59, 61, 63, 65, 66, 68, 71,
Togo,49, 49, 50, 51, 51, 52, 52, 53, 54, 55, 55, 56, 56, 57, 57, 58, 58, 59, 60, 61, 61,
Uganda,43, 44, 46, 47, 49, 50, 52, 53, 55, 56, 58, 59, 61, 62, 63, 65, 66, 68, 69, 71, 72,
United Republic of Tanzania,55, 55, 55, 55, 55, 55, 54, 54, 54, 54, 54, 54, 54, 54, 54, 54, 54, 53, 53, 53, 53,
Zambia,49, 49, 49, 50, 51, 51, 51, 52, 53, 53, 54, 55, 55, 56, 57, 58, 58, 59, 60, 61, 61,
Zimbabwe,79, 79, 80, 80, 79, 79, 79, 79, 80, 80, 80, 80, 80, 80, 80, 80, 79, 80, 80, 80, 80,
Asia,71, 72, 73, 74, 76, 76, 77, 78, 79, 80, 81, 82, 83, 84, 85, 86, 87, 88, 89, 89, 90,
Caucasus and Central Asia,85, 85, 85, 85, 85, 85, 85, 85, 85, 85, 86, 86, 86, 86, 86, 87, 87, 87, 87, 87, 87,
Armenia,,, 90, 90, 90, 90, 90, 90, 91, 92, 92, 93, 94, 94, 95, 95, 96, 96, 97, 98, 98,
Azerbaijan,70, 70, 70, 70, 70, 71, 72, 72, 72, 73, 74, 75, 75, 76, 77, 77, 78, 79, 80, 80, 80,
Georgia,81, 81, 81, 81, 81, 82, 84, 85, 87, 87, 89, 90, 92, 93, 94, 96, 97, 98, 98, 98, 98,
Kazakhstan,96, 96, 96, 96, 96, 96, 96, 96, 96, 95, 96, 95, 96, 96, 96, 96, 96, 95, 95, 95, 95,
Kyrgyzstan,, 78, 78, 78, 78, 78, 78, 79, 80, 81, 82, 83, 84, 85, 86, 87, 88, 89, 90, 90, 90,
Tajikistan,,,, 62, 62, 62, 61, 61, 62, 62, 61, 62, 62, 63, 63, 63, 63, 63, 63, 64, 64,
Turkmenistan,,,,, 83, 83, 83, 83, 83, 83, 83, 84, 84, 84, 84, 84, 84,,,,,
Uzbekistan,90, 90, 90, 90, 90, 90, 90, 89, 89, 89, 89, 89, 89, 88, 88, 88, 88, 87, 87, 87, 87,
East Asia,68, 69, 71, 72, 74, 75, 76, 77, 79, 80, 81, 83, 84, 85, 86, 87, 87, 89, 89, 90, 91,
China,67, 68, 70, 71, 73, 74, 75, 76, 78, 79, 80, 82, 83, 84, 85, 87, 87, 89, 89, 90, 91,
Democratic People's Republic of Korea,100,100,100,100,100,100,100,100,100,100,100,100,100,100, 99, 99, 99, 99, 99, 98, 98,
Mongolia,54, 54, 54, 54, 54, 56, 57, 59, 61, 63, 65, 67, 69, 71, 73, 75, 77, 80, 81, 82, 82,
Republic of Korea,, 90, 90, 90, 90, 90, 91, 91, 93, 93, 93, 94, 94, 95, 96, 96, 96, 97, 98, 98, 98,
East Asia (excluding China),92, 92, 92, 92, 92, 92, 93, 93, 94, 94, 94, 95, 95, 96, 96, 96, 96, 97, 98, 97, 97,
South Asia,72, 73, 74, 75, 76, 76, 77, 79, 79, 80, 81, 82, 83, 85, 85, 86, 87, 88, 89, 90, 90,
Afghanistan,,  2,  2,  2,  2,  2,  6, 10, 14, 18, 22, 26, 30, 33, 38, 42, 46, 50, 50, 50, 50,
Bangladesh,77, 77, 77, 78, 78, 78, 78, 78, 78, 79, 79, 79, 80, 80, 80, 81, 81, 81, 81, 81, 81,
Bhutan,,,,,,,, 86, 86, 86, 86, 86, 87, 89, 90, 91, 92, 93, 94, 95, 96,
India,69, 71, 72, 73, 75, 75, 76, 78, 79, 80, 81, 82, 83, 85, 85, 86, 88, 89, 90, 91, 92,
Iran (Islamic Republic of),90, 90, 90, 91, 91, 91, 92, 92, 93, 93, 93, 94, 94, 95, 95, 94, 95, 95, 95, 96, 96,
Maldives,93, 93, 93, 93, 93, 93, 94, 94, 95, 95, 95, 96, 96, 97, 97, 97, 97, 97, 98, 98, 98,
Nepal,76, 77, 77, 78, 79, 80, 80, 81, 82, 82, 83, 84, 85, 85, 86, 86, 86, 87, 88, 89, 89,
Pakistan,85, 85, 86, 86, 86, 87, 87, 88, 88, 88, 89, 89, 89, 89, 89, 90, 90, 90, 91, 91, 92,
Sri Lanka,67, 69, 70, 71, 72, 73, 75, 76, 77, 78, 80, 81, 82, 83, 84, 86, 87, 89, 89, 91, 91,
South Asia (excluding India),78, 78, 79, 79, 79, 79, 79, 80, 81, 81, 82, 82, 83, 83, 84, 84, 85, 85, 86, 86, 86,
South East Asia,71, 72, 73, 73, 74, 75, 76, 77, 78, 79, 80, 81, 81, 82, 83, 84, 85, 85, 86, 87, 88,
Brunei Darussalam,,,,,,,,,,,,,,,,,,,,,,
Cambodia,31, 31, 32, 32, 32, 34, 36, 38, 40, 42, 44, 46, 48, 50, 52, 54, 56, 58, 60, 62, 64,
Indonesia,70, 71, 72, 72, 73, 74, 75, 76, 76, 77, 78, 78, 78, 79, 79, 80, 80, 80, 81, 81, 82,
Lao People's Democratic Republic,,,,, 39, 39, 40, 40, 41, 43, 45, 48, 50, 53, 55, 57, 59, 61, 63, 64, 67,
Malaysia,88, 89, 90, 91, 91, 92, 94, 94, 95, 96, 97, 97, 98, 99, 99,100,100,100,100,100,100,
Myanmar,56, 56, 56, 56, 57, 59, 61, 62, 64, 65, 67, 69, 70, 72, 74, 75, 77, 78, 80, 81, 83,
Philippines,85, 85, 86, 86, 86, 87, 87, 87, 88, 88, 89, 89, 89, 90, 90, 90, 91, 91, 92, 92, 92,
Singapore,100,100,100,100,100,100,100,100,100,100,100,100, 99, 99, 99,100,100,100,100,101,100,
Thailand,86, 87, 88, 88, 88, 89, 90, 90, 90, 91, 92, 92, 93, 94, 94, 94, 95, 96, 96, 96, 96,
Timor Leste,,,,,, 52, 52, 52, 52, 52, 54, 55, 56, 58, 60, 62, 63, 64, 66, 67, 69,
Viet Nam,57, 60, 61, 63, 65, 67, 69, 71, 73, 75, 77, 79, 81, 82, 84, 86, 88, 90, 92, 93, 95,
West Asia,84, 85, 85, 85, 85, 86, 86, 86, 86, 87, 87, 87, 87, 87, 88, 88, 88, 88, 88, 88, 89,
Bahrain,,,,,,,,,,,,,,,,,,,,,,
Iraq,81, 81, 81, 81, 80, 80, 80, 80, 81, 80, 80, 79, 80, 79, 80, 80, 79, 79, 79, 79, 79,
Jordan,97, 97, 97, 96, 96, 96, 97, 97, 97, 96, 96, 96, 96, 96, 97, 97, 97, 97, 97, 97, 97,
Kuwait,99, 99, 99, 99, 99, 99, 99, 99, 99, 99, 99, 99, 99, 99, 99, 99, 99, 99, 99, 99, 99,
Lebanon,100,100,100,100,100,100,100,100,100,100,100,100,100,100,100,100,100,100,100,100,100,
Occupied Palestinian Territories,, 97, 97, 97, 97, 97, 96, 95, 94, 93, 92, 92, 91, 90, 89, 88, 87, 86, 85, 85, 85,
Oman,80, 80, 80, 81, 81, 81, 82, 82, 83, 83, 83, 84, 84, 85, 86, 86, 87, 87, 88, 89, 89,
Qatar,100,100,100,100,100,100,100,100,100,100,100,100,100,100,100,100,100,100,100,100,100,
Saudi Arabia,89, 89, 90, 90, 90, 90, 90, 90, 90, 90,,,,,,,,,,,,
Syrian Arab Republic,86, 86, 86, 86, 86, 87, 86, 87, 87, 87, 87, 88, 88, 88, 88, 88, 89, 89, 89, 89, 90,
Turkey,85, 86, 87, 87, 88, 89, 90, 90, 91, 92, 93, 94, 95, 95, 96, 97, 97, 98, 99, 99,100,
United Arab Emirates,100,100,100,100,100,100,100,100,100,100,100,100,100,100,100,100,100,100,100,100,100,
Yemen,67, 66, 65, 65, 64, 63, 63, 62, 61, 61, 60, 59, 59, 58, 57, 57, 56, 55, 55, 55, 55,
Latin America and the Caribbean,86, 86, 87, 87, 88, 88, 89, 89, 89, 90, 90, 91, 91, 92, 92, 93, 93, 93, 94, 94, 94,
Caribbean,80, 80, 80, 81, 81, 81, 82, 82, 82, 82, 82, 83, 83, 83, 84, 84, 84, 84, 85, 85, 85,
Anguilla,,,,,,,,,,,,,,,,,,,,,,
Antigua and Barbuda,,, 91, 91, 91, 91, 91, 91, 91, 91, 91, 91, 91, 91, 91,,,,,,,
Aruba,100,100,100,100,100,100,100,100,100,100,100,100,100,100,100,100,100,100,100,100,100,
Bahamas,,, 96, 96, 96, 96, 96, 96, 96, 96, 96, 96, 96, 96, 96,,,,,,,
Barbados,100,100,100,100,100,100,100,100,100,100,100,100,100,100,100,100,100,100,100,100,100,
British Virgin Islands,,,,,,,,,,,,,,,,,,,,,,
Cayman Islands,,,, 93, 93, 93, 93, 93, 93, 93, 93, 94, 94, 94, 94, 95, 95, 95, 95, 96, 96,
Cuba,82, 83, 84, 85, 85, 86, 87, 87, 88, 88, 90, 90, 91, 91, 92, 92, 93, 94, 94, 94, 94,
Dominica,,,,,, 95, 95, 95, 95, 95, 95, 95, 95, 95, 95, 95, 95, 95,,,,
Dominican Republic,88, 88, 88, 88, 88, 88, 88, 88, 87, 87, 87, 87, 87, 87, 87, 87, 86, 86, 86, 86, 86,
Grenada,,, 94, 94, 94, 94, 94, 94, 94, 94, 94, 94, 94, 94, 94,,,,,,,
Guadeloupe,,,,,,,,,,,,,,,,,,,,,,
Haiti,59, 59, 60, 60, 60, 60, 61, 61, 62, 62, 62, 63, 64, 65, 65, 66, 67, 67, 68, 68, 69,
Jamaica,93, 93, 93, 93, 93, 93, 93, 93, 93, 93, 93, 93, 93, 93, 93, 93, 93, 93, 93, 93, 93,
Martinique,,,,,,,,,,,,,,,,,,,,,,
Montserrat,,,,,,,,,,,,,,,,,,,,,,
Netherlands Antilles,,,,,,,,,,,,,,,,,,,,,,
Puerto Rico,,,,,,,,,,,,,,,,,,,,,,
Saint Kitts and Nevis,99, 99, 99, 99, 99, 99, 99, 99, 99, 99, 99, 99, 99, 99, 99, 99, 99, 99, 99, 99, 99,
Saint Lucia,94, 94, 94, 94, 94, 94, 94, 95, 95, 95, 95, 95, 95, 95, 96, 96, 96, 96, 96, 96, 96,
Saint Vincent and the Grenadines,,,,,,,,,,,,,,,,,,,,,,
Trinidad and Tobago,88, 89, 89, 89, 89, 90, 90, 90, 91, 91, 91, 92, 92, 92, 93, 93, 94, 94, 94, 94, 94,
Turks and Caicos Islands,100,100,100,100,100,100,100,100,100,100,100,100,100,100,100,100,100,100,100,100,100,
United States Virgin Islands,,,,,,,,,,,,,,,,,,,,,,
Latin America,86, 86, 87, 88, 88, 89, 89, 90, 90, 91, 91, 91, 91, 92, 93, 93, 93, 94, 94, 94, 95,
Argentina,94, 94, 95, 95, 95, 95, 96, 96, 96, 96, 96, 96, 96, 96, 96, 96, 96, 97,,,,
Belize,74, 75, 76, 77, 79, 80, 81, 83, 84, 85, 86, 88, 89, 90, 91, 93, 94, 95, 96, 97, 98,
Bolivia (Plurinational State of),70, 71, 72, 74, 74, 76, 76, 77, 78, 79, 80, 80, 81, 83, 83, 84, 84, 85, 86, 87, 88,
Brazil,89, 89, 90, 90, 91, 91, 92, 92, 93, 94, 94, 94, 94, 95, 95, 96, 96, 97, 97, 97, 98,
Chile,90, 91, 91, 92, 92, 92, 93, 93, 94, 94, 94, 95, 95, 95, 96, 96, 96, 96, 96, 96, 96,
Colombia,89, 89, 89, 90, 90, 90, 90, 90, 90, 90, 91, 91, 91, 91, 92, 92, 92, 92, 92, 92, 92,
Costa Rica,93, 93, 93, 93, 94, 94, 94, 94, 94, 95, 95, 95, 95, 95, 96, 96, 96, 96, 97, 97, 97,
Ecuador,72, 74, 75, 77, 78, 79, 80, 82, 83, 84, 86, 87, 88, 90, 91, 92, 94, 94, 94, 94, 94,
El Salvador,74, 74, 76, 76, 77, 78, 79, 80, 81, 82, 82, 83, 84, 84, 85, 86, 86, 87, 87, 87, 88,
Falkland Is (Malvinas),,,,,,,,,,,,,,,,,,,,,,
French Guiana,,,,,,,,,,,,,,,,,,,,,,
Guatemala,81, 82, 83, 83, 84, 84, 85, 86, 86, 87, 87, 88, 89, 90, 90, 91, 91, 92, 92, 92, 92,
Guyana,,,,, 88, 88, 88, 88, 88, 89, 89, 90, 90, 91, 91, 92, 92, 92, 93, 93, 94,
Honduras,76, 77, 77, 77, 78, 79, 80, 80, 81, 81, 82, 83, 83, 83, 84, 85, 85, 86, 87, 87, 87,
Mexico,85, 85, 85, 87, 87, 88, 88, 89, 89, 90, 90, 91, 91, 92, 93, 93, 94, 94, 94, 95, 96,
Nicaragua,74, 74, 75, 76, 76, 77, 78, 78, 78, 80, 80, 80, 81, 82, 82, 83, 83, 84, 85, 85, 85,
Panama,84, 85, 85, 86, 86, 87, 88, 89, 90, 90, 90, 91, 91, 92, 92, 93, 93, 93, 93, 93,,
Paraguay,52, 54, 57, 59, 61, 64, 65, 68, 69, 72, 74, 76, 78, 80, 82, 83, 86, 86, 86, 86, 86,
Peru,75, 76, 76, 77, 77, 78, 78, 79, 79, 79, 81, 81, 81, 82, 82, 83, 83, 83, 84, 85, 85,
Suriname,,,,, 88, 88, 89, 89, 89, 89, 89, 90, 90, 91, 90, 91, 91, 92, 92, 92, 92,
Uruguay,96, 96, 96, 96, 96, 96, 97, 97, 98, 98, 98, 98, 98, 98,100,100,100,100,100,100,100,
Venezuela (Bolivarian Republic of),90, 90, 91, 91, 91, 91, 91, 92, 92, 92, 92, 92, 92, 92, 92, 92, 93, 93,,,,
Oceania ,55, 54, 54, 55, 55, 55, 55, 55, 55, 54, 54, 54, 54, 54, 54, 55, 54, 54, 53, 53, 53,
American Samoa,,,,,,,,,,,,,,,,,,,,,,
Cook Islands,,,,,,,,,,,,,,,,,,,,,,
Fiji,84, 84, 85, 86, 87, 88, 89, 90, 91, 92, 93, 93, 94, 95, 95, 97, 98, 98, 98, 98, 98,
French Polynesia,100,100,100,100,100,100,100,100,100,100,100,100,100,100,100,100,100,100,100,100,100,
Guam,100,100,100,100,100,100,100,100,100,100,100,100,100,100,100,100,100,100,100,100,100,
Kiribati,48, 49, 50, 52, 53, 54, 56, 57, 59, 60, 62, 62, 63, 63, 63, 63, 63,,,,,
Marshall Islands,95, 95, 95, 95, 95, 95, 95, 95, 95, 95, 95, 95, 95, 95, 95, 94, 94, 94, 94, 94, 94,
Micronesia (Federated States of),89, 89, 89, 89, 90, 90, 90, 91, 92, 92, 92, 93, 94, 94, 94, 94, 94,,,,,
Nauru,,,,,,,,,,,,,,,,,,,,,,
New Caledonia,,,,,,,,,,,,,,,,,,,,,,
Niue,,,,,,,,,,,,,,,,,,,,,,
Northern Mariana Islands,98, 98, 98, 98, 98, 98, 98, 98, 98, 98, 98, 98, 98, 98, 98, 98, 98, 98, 98, 98, 98,
Palau,80, 80, 80, 80, 80, 80, 81, 82, 82, 83, 83, 84, 84, 84, 85, 85, 85, 86, 85, 85, 85,
Papua New Guinea,41, 40, 40, 40, 40, 40, 40, 40, 40, 39, 39, 39, 39, 39, 39, 40, 40, 40, 40, 40, 40,
Samoa,89, 89, 90, 90, 91, 91, 91, 91, 91, 92, 92, 93, 93, 94, 94, 94, 94, 94, 95, 95, 96,
Solomon Islands,,,, 69, 69, 69, 69, 69, 69, 69, 70, 70, 70, 70, 70, 70,,,,,,
Tokelau,,,,,,,,,,,,,,,,,,,,,,
Tonga,100,100,100,100,100,100,100,100,100,100,100,100,100,100,100,100,100,100,100,100,100,
Tuvalu,90, 90, 90, 91, 91, 92, 92, 93, 93, 94, 94, 94, 95, 95, 96, 96, 96, 97, 97, 98, 98,
Vanuatu,62, 63, 65, 66, 68, 69, 70, 72, 73, 75, 76, 77, 79, 80, 81, 83, 84, 86, 86, 88, 90,
Wallis and Futuna Islands,,,,,,,,,,,,,,,,,,,,,,
Developed countries,98, 98, 98, 98, 98, 98, 98, 98, 98, 99, 99, 99, 99, 99, 99, 99, 99, 99, 99, 99, 99,
Albania,97, 97, 98, 98, 98, 98, 98, 98, 98, 98, 98, 98, 97, 97, 96, 96, 96, 95, 96, 95, 95,
Andorra,100,100,100,100,100,100,100,100,100,100,100,100,100,100,100,100,100,100,100,100,100,
Australia,100,100,100,100,100,100,100,100,100,100,100,100,100,100,100,100,100,100,100,100,100,
Austria,100,100,100,100,100,100,100,100,100,100,100,100,100,100,100,100,100,100,100,100,100,
Belarus,100,100,100,100,100,100,100,100,100,100,100,100,100,100,100,100,100,100,100,100,100,
Belgium,100,100,100,100,100,100,100,100,100,100,100,100,100,100,100,100,100,100,100,100,100,
Bermuda,,,,,,,,,,,,,,,,,,,,,,
Bosnia and Herzegovina,97, 97, 97, 97, 97, 97, 97, 97, 97, 97, 97, 98, 98, 98, 98, 98, 99, 99, 99, 99, 99,
Bulgaria,100,100,100,100,100,100,100,100,100,100,100,100,100,100,100,100,100,100,100,100,100,
Canada,100,100,100,100,100,100,100,100,100,100,100,100,100,100,100,100,100,100,100,100,100,
Croatia,99, 99, 99, 99, 99, 99, 99, 99, 99, 99, 99, 99, 99, 99, 99, 99, 99, 99, 99, 99, 99,
Cyprus,100,100,100,100,100,100,100,100,100,100,100,100,100,100,100,100,100,100,100,100,100,
Czech Republic,100,100,100,100,100,100,100,100,100,100,100,100,100,100,100,100,100,100,100,100,100,
Denmark,100,100,100,100,100,100,100,100,100,100,100,100,100,100,100,100,100,100,100,100,100,
Estonia,98, 98, 98, 98, 98, 98, 98, 98, 98, 98, 98, 98, 98, 98, 98, 98, 98, 98, 98, 98, 98,
Faeroe Islands,,,,,,,,,,,,,,,,,,,,,,
Finland,100,100,100,100,100,100,100,100,100,100,100,100,100,100,100,100,100,100,100,100,100,
France,100,100,100,100,100,100,100,100,100,100,100,100,100,100,100,100,100,100,100,100,100,
Germany,100,100,100,100,100,100,100,100,100,100,100,100,100,100,100,100,100,100,100,100,100,
Gibraltar,,,,,,,,,,,,,,,,,,,,,,
Greece,96, 97, 97, 97, 98, 98, 98, 98, 98, 99, 99, 99,100,100,100,100,100,100,100,100,100,
Greenland,100,100,100,100,100,100,100,100,100,100,100,100,100,100,100,100,100,100,100,100,100,
Holy See,,,,,,,,,,,,,,,,,,,,,,
Hungary,96, 96, 96, 97, 97, 97, 98, 98, 98, 98, 99,100,100,100,100,100,100,100,100,100,100,
Iceland,100,100,100,100,100,100,100,100,100,100,100,100,100,100,100,100,100,100,100,100,100,
Ireland,100,100,100,100,100,100,100,100,100,100,100,100,100,100,100,100,100,100,100,100,100,
Israel,100,100,100,100,100,100,100,100,100,100,100,100,100,100,100,100,100,100,100,100,100,
Italy,100,100,100,100,100,100,100,100,100,100,100,100,100,100,100,100,100,100,100,100,100,
Japan,100,100,100,100,100,100,100,100,100,100,100,100,100,100,100,100,100,100,100,100,100,
Latvia,99, 99, 99, 99, 99, 99, 99, 99, 99, 99, 99, 99, 99, 99, 99, 99, 99, 99, 99, 99, 99,
Liechtenstein,,,,,,,,,,,,,,,,,,,,,,
Lithuania,,,,,,,, 92, 92, 92, 92, 92, 92, 92, 92, 92, 92, 92, 92, 92,,
Luxembourg,100,100,100,100,100,100,100,100,100,100,100,100,100,100,100,100,100,100,100,100,100,
Malta,100,100,100,100,100,100,100,100,100,100,100,100,100,100,100,100,100,100,100,100,100,
Monaco,100,100,100,100,100,100,100,100,100,100,100,100,100,100,100,100,100,100,100,100,100,
Montenegro,97, 97, 98, 98, 98, 98, 98, 98, 98, 98, 98, 98, 98, 98, 98, 98, 98, 98, 98, 98, 98,
Netherlands,100,100,100,100,100,100,100,100,100,100,100,100,100,100,100,100,100,100,100,100,100,
New Zealand,100,100,100,100,100,100,100,100,100,100,100,100,100,100,100,100,100,100,100,100,100,
Norway,100,100,100,100,100,100,100,100,100,100,100,100,100,100,100,100,100,100,100,100,100,
Poland,,,,,,,,,,,,,,,,,,,,,,
Portugal,96, 96, 96, 96, 97, 97, 97, 98, 98, 99, 99, 99, 99, 99, 99, 99, 99, 99, 99, 99, 99,
Republic of Moldova,,, 93, 93, 93, 93, 93, 93, 93, 93, 93, 94, 94, 94, 94, 94, 95, 95, 95, 96, 96,
Romania,75, 76, 77, 78, 79, 80, 81, 82, 82, 83, 84, 85, 86, 87, 88, 89, 89, 89, 89,,,
Russian Federation,93, 93, 94, 94, 94, 94, 94, 95, 95, 95, 95, 95, 95, 95, 96, 96, 97, 97, 97, 97, 97,
Saint Pierre and Miquelon,,,,,,,,,,,,,,,,,,,,,,
San Marino,,,,,,,,,,,,,,,,,,,,,,
Serbia,99, 99, 99, 99, 99, 99, 99, 99, 99, 99, 99, 99, 99, 99, 99, 99, 99, 99, 99, 99, 99,
Serbia and Montenegro,,,,,,,,,,,,,,,,,,,,,,
Slovakia,100,100,100,100,100,100,100,100,100,100,100,100,100,100,100,100,100,100,100,100,100,
Slovenia,100,100,100,100,100,100,100,100,100,100,100,100,100,100,100,100,100, 99, 99, 99, 99,
Spain,100,100,100,100,100,100,100,100,100,100,100,100,100,100,100,100,100,100,100,100,100,
Sweden,100,100,100,100,100,100,100,100,100,100,100,100,100,100,100,100,100,100,100,100,100,
Switzerland,100,100,100,100,100,100,100,100,100,100,100,100,100,100,100,100,100,100,100,100,100,
The former Yugoslav Republic of Macedonia,100,100,100,100,100,100,100,100,100,100,100,100,100,100,100,100,100,100,100,100,100,
Ukraine,,,,, 97, 97, 97, 97, 97, 96, 97, 97, 97, 97, 98, 98, 97, 97, 98, 98, 98,
United Kingdom,100,100,100,100,100,100,100,100,100,100,100,100,100,100,100,100,100,100,100,100,100,
United States of America,99, 99, 99, 99, 99, 99, 99, 99, 99, 99, 99, 99, 99, 99, 99, 99, 99, 99, 99, 99, 99,
